epoch,train_total,train_box,train_cls,train_dfl,train_kpt,val_total,val_box,val_cls,val_dfl,val_kpt,lr
1,19.1821,0.354595,0.565727,2.83693,11.9844,18.7012,0.293264,0.462143,2.77065,12.1146,0.001
2,18.2903,0.331429,0.408907,2.54735,11.7791,18.6766,0.29331,0.220285,2.76003,12.2266,0.000999957
3,17.6872,0.332872,0.313711,2.35083,11.5076,17.5315,0.301206,0.248722,2.31313,11.6784,0.000999829
4,17.0671,0.303026,0.233915,2.21885,11.3492,16.6252,0.270269,0.222707,2.11534,11.3138,0.000999615
5,16.275,0.278891,0.174506,2.02106,11.0645,15.8409,0.264219,0.153464,1.91924,10.9037,0.000999315
6,15.9646,0.274569,0.130049,1.96167,10.8978,21.01,0.352286,0.123568,4.40931,11.6921,0.000998929
7,15.9771,0.276496,0.0987768,1.98771,10.8725,15.3862,0.255755,0.0939608,1.87858,10.6032,0.000998459
8,15.6986,0.267417,0.0730886,1.92664,10.7664,14.6267,0.268449,0.0617013,1.90714,9.72178,0.000997902
9,15.2329,0.256978,0.0586101,1.8728,10.467,16.5718,0.302823,0.0460664,2.19623,10.9832,0.000997261
10,15.4722,0.260907,0.0480622,1.88089,10.67,16.2852,0.280701,0.0373482,2.30795,10.6994,0.000996534
11,15.1103,0.255848,0.0386952,1.8868,10.3419,15.0023,0.26116,0.0418127,1.86771,10.2211,0.000995722
12,14.6971,0.239937,0.032155,1.75823,10.2441,14.4236,0.245928,0.0415697,1.79349,9.86817,0.000994826
13,14.7357,0.2509,0.027174,1.76146,10.1982,14.2677,0.235284,0.0246608,1.73474,9.8886,0.000993844
14,14.3215,0.236073,0.0235135,1.68769,10.0076,14.5321,0.251489,0.0236007,1.81811,9.90697,0.000992778
15,14.6365,0.248537,0.0215313,1.76105,10.1201,14.1014,0.225923,0.0207203,1.69215,9.85842,0.000991627
16,14.4596,0.240135,0.0196852,1.73755,10.0424,13.778,0.233767,0.0212587,1.71331,9.44419,0.000990393
17,14.2356,0.242227,0.0171343,1.687,9.87984,14.4863,0.247512,0.0166373,1.83738,9.8656,0.000989074
18,14.1631,0.22336,0.0154736,1.64837,10.0076,13.8189,0.22833,0.0158117,1.696,9.55448,0.000987671
19,13.975,0.216802,0.013959,1.61873,9.9139,14.315,0.245238,0.0149806,1.81896,9.73981,0.000986185
20,14.2192,0.230536,0.0130952,1.64098,10.0222,14.1884,0.221482,0.0120479,1.65183,10.0435,0.000984615
21,14.0144,0.223702,0.0123822,1.62051,9.89969,14.3639,0.240879,0.0120191,1.72262,9.96739,0.000982963
22,13.8639,0.223901,0.0121286,1.58447,9.80185,13.8888,0.235786,0.0111122,1.75321,9.48504,0.000981228
23,13.9116,0.228883,0.0113738,1.59023,9.80395,13.5471,0.226008,0.0114699,1.65015,9.37106,0.00097941
24,13.6417,0.211207,0.0105934,1.51707,9.77675,13.5329,0.204161,0.0105353,1.61652,9.57162,0.00097751
25,13.4419,0.208493,0.010267,1.51888,9.59475,13.3534,0.216482,0.00957584,1.63533,9.27199,0.000975528
26,13.7174,0.211998,0.00952516,1.52561,9.83422,13.977,0.231493,0.0095648,1.70719,9.67522,0.000973465
27,13.4763,0.206321,0.00904774,1.51383,9.65366,13.1534,0.205756,0.00811934,1.59077,9.22001,0.000971321
28,13.6877,0.212598,0.00927533,1.57406,9.72748,13.553,0.223224,0.0126461,1.66963,9.36807,0.000969096
29,13.801,0.218937,0.00891586,1.57899,9.78603,13.9555,0.217668,0.00879112,1.6418,9.85586,0.00096679
30,13.7559,0.213933,0.00831922,1.55776,9.81064,12.9002,0.208046,0.00781046,1.57652,8.97114,0.000964405
31,13.3137,0.202219,0.00806658,1.49954,9.54376,12.7295,0.208468,0.00753065,1.56264,8.81831,0.00096194
32,13.261,0.20109,0.00787319,1.4732,9.53913,13.1529,0.217487,0.00798977,1.6236,9.08239,0.000959396
33,13.3281,0.208853,0.00754155,1.50542,9.49979,12.7863,0.190052,0.00693512,1.52792,9.06557,0.000956773
34,13.501,0.215174,0.00752624,1.55685,9.54821,13.2278,0.201997,0.00727611,1.60904,9.2956,0.000954072
35,13.6008,0.216381,0.00728875,1.50097,9.72279,12.7246,0.194468,0.00715225,1.52798,8.9705,0.000951293
36,13.5389,0.224966,0.00727746,1.54298,9.5336,12.4354,0.184146,0.00600568,1.48334,8.82626,0.000948436
37,13.33,0.210451,0.00707018,1.51614,9.47388,13.0097,0.21686,0.00737125,1.52235,9.09601,0.000945503
38,13.3201,0.221896,0.00689771,1.51838,9.37485,13.1194,0.225661,0.00631836,1.69778,8.87711,0.000942494
39,13.369,0.21118,0.00688814,1.48846,9.54905,13.3376,0.213911,0.00623446,1.57375,9.36954,0.000939409
40,13.1607,0.204366,0.00654466,1.46729,9.42379,13.0728,0.206752,0.00642316,1.50966,9.2545,0.000936248
41,12.9824,0.204874,0.00653563,1.47881,9.22436,13.0308,0.212111,0.00616762,1.61803,9.0098,0.000933013
42,12.8118,0.198338,0.00602637,1.43721,9.16547,12.7213,0.208448,0.00577982,1.6381,8.69789,0.000929703
43,13.2047,0.210902,0.00628471,1.48291,9.3954,13.1271,0.213052,0.00561411,1.64575,9.05779,0.00092632
44,13.0405,0.210851,0.0060409,1.4477,9.28451,12.7848,0.213563,0.00568751,1.56701,8.82968,0.000922864
45,12.9342,0.197439,0.0060593,1.4107,9.33436,13.2342,0.222974,0.00919898,1.63307,9.10771,0.000919335
46,13.205,0.216999,0.00616529,1.47888,9.35611,13.6327,0.233757,0.00569563,1.69739,9.33056,0.000915735
47,12.9783,0.205724,0.00597167,1.47234,9.22382,12.6777,0.221422,0.00521725,1.4903,8.779,0.000912063
48,12.9134,0.210022,0.00577663,1.4358,9.18167,13.1686,0.237335,0.00510907,1.59859,8.98817,0.000908321
49,12.8149,0.197804,0.00556762,1.42093,9.19719,12.5431,0.211883,0.00506559,1.50965,8.68693,0.000904508
50,12.7027,0.2001,0.00557342,1.39636,9.10462,12.8527,0.22168,0.00481811,1.5232,8.9029,0.000900627
51,12.8343,0.212082,0.00572354,1.4478,9.06908,12.4588,0.198124,0.00494188,1.50089,8.71911,0.000896677
52,13.1136,0.216134,0.00551705,1.47747,9.27366,12.4105,0.203218,0.00438119,1.40239,8.78061,0.000892658
53,12.556,0.200781,0.00521856,1.41995,8.91758,12.8984,0.236023,0.00483434,1.58032,8.75535,0.000888573
54,12.8091,0.205512,0.00542036,1.42982,9.12034,12.4816,0.210465,0.00427725,1.47147,8.69372,0.000884421
55,12.3755,0.191614,0.00504211,1.36058,8.89505,12.1866,0.205921,0.00465262,1.45002,8.46483,0.000880203
56,12.6995,0.196678,0.00532564,1.40196,9.11884,11.8911,0.183715,0.00452154,1.39609,8.41683,0.00087592
57,12.6305,0.202159,0.00512905,1.40809,8.99957,12.9321,0.228243,0.00518065,1.58733,8.8367,0.000871572
58,12.3309,0.192765,0.00484437,1.38233,8.80923,12.8676,0.230233,0.00465603,1.62394,8.70265,0.000867161
59,12.556,0.205915,0.00503999,1.39408,8.91799,12.4397,0.221692,0.0046218,1.57211,8.4165,0.000862687
60,12.7266,0.199782,0.00484835,1.41817,9.09858,12.1826,0.21925,0.00416735,1.57296,8.1767,0.000858151
61,12.4317,0.202394,0.00499185,1.40267,8.80727,12.0511,0.216942,0.00380862,1.4027,8.31804,0.000853553
62,12.27,0.192501,0.00476894,1.3368,8.81867,12.9905,0.224294,0.00444311,1.578,8.93904,0.000848895
63,12.1111,0.188039,0.00438672,1.32676,8.70845,12.1181,0.220213,0.00388223,1.48903,8.23102,0.000844177
64,12.473,0.19119,0.004629,1.3406,9.0259,12.4031,0.223018,0.00367776,1.45393,8.54769,0.0008394
65,12.4508,0.198492,0.00464466,1.38522,8.88193,12.4249,0.205853,0.00415732,1.36139,8.83684,0.000834565
66,12.3683,0.190232,0.0044778,1.32919,8.94549,11.5902,0.183417,0.00433928,1.29002,8.27738,0.000829673
67,12.4383,0.192823,0.00451296,1.33389,8.98909,12.156,0.202386,0.00459606,1.43717,8.48005,0.000824724
68,12.5244,0.204475,0.00451528,1.36396,8.94266,12.3766,0.22437,0.00397103,1.50925,8.42798,0.00081972
69,12.1296,0.181316,0.00441747,1.31382,8.79683,11.4729,0.197732,0.0038857,1.40809,7.87584,0.00081466
70,11.9298,0.182841,0.00423949,1.31524,8.58356,11.5014,0.190866,0.00352674,1.28739,8.13705,0.000809547
71,12.0316,0.191046,0.00428251,1.32754,8.60526,12.3039,0.236898,0.00388887,1.53546,8.22202,0.000804381
72,12.2945,0.200078,0.00431985,1.34365,8.77628,11.9334,0.226112,0.00405829,1.4652,8.03776,0.000799162
73,12.4195,0.195608,0.00421389,1.34097,8.93887,11.9489,0.222296,0.00361666,1.45092,8.10354,0.000793893
74,12.1413,0.190626,0.00416269,1.33975,8.69994,12.638,0.24991,0.00391953,1.68031,8.24122,0.000788573
75,11.8985,0.185321,0.00417029,1.32629,8.51708,11.9022,0.206025,0.00476684,1.41803,8.2276,0.000783203
76,12.2556,0.199255,0.00434551,1.36807,8.70696,11.8563,0.219063,0.00334952,1.39949,8.11241,0.000777785
77,11.7464,0.17762,0.00379326,1.26311,8.51772,11.8996,0.21843,0.00330895,1.40537,8.1517,0.00077232
78,11.8999,0.185049,0.00388828,1.26317,8.61536,11.4668,0.211331,0.00333182,1.37683,7.81493,0.000766807
79,12.0264,0.197406,0.00403413,1.28539,8.61575,11.9459,0.225804,0.00357001,1.48704,8.01998,0.000761249
80,11.8329,0.188715,0.00393349,1.31309,8.44594,11.8469,0.22103,0.00337951,1.42599,8.04846,0.000755647
81,11.8265,0.175806,0.00396065,1.27512,8.59325,11.9708,0.21072,0.00343123,1.39091,8.30228,0.00075
82,11.6497,0.17846,0.00377867,1.22549,8.47115,11.3876,0.202003,0.00317488,1.26125,7.97913,0.000744311
83,11.6748,0.184625,0.00377905,1.25293,8.4088,11.7722,0.194783,0.00331053,1.2535,8.42942,0.000738579
84,11.8436,0.184035,0.00365792,1.26829,8.55907,12.0411,0.224581,0.00327241,1.40273,8.25103,0.000732807
85,11.6172,0.180098,0.00358263,1.30426,8.3083,12.29,0.234435,0.0030953,1.50771,8.26861,0.000726995
86,11.4826,0.17737,0.00341986,1.28386,8.2248,11.015,0.198958,0.00285778,1.26681,7.62115,0.000721144
87,11.581,0.18291,0.00374296,1.27629,8.29291,11.6755,0.20824,0.00285307,1.32597,8.12333,0.000715256
88,11.5344,0.179908,0.00338301,1.25846,8.29573,10.8544,0.189973,0.00250348,1.23776,7.57174,0.00070933
89,11.4703,0.184251,0.00345742,1.27475,8.17453,11.558,0.23042,0.00293654,1.4037,7.72281,0.000703368
90,11.5637,0.177425,0.00342918,1.21852,8.40354,11.286,0.21507,0.00302559,1.29417,7.73026,0.000697372
91,11.4827,0.180896,0.00348906,1.21362,8.30379,10.9222,0.196649,0.00304221,1.26764,7.5444,0.000691342
92,11.2971,0.172155,0.00336557,1.22603,8.16517,11.1082,0.192172,0.0026844,1.2145,7.84383,0.000685279
93,11.4793,0.178495,0.00351148,1.23096,8.29237,11.5108,0.221527,0.00306541,1.34611,7.82861,0.000679184
94,11.5614,0.180538,0.0032639,1.23891,8.3474,11.0983,0.200711,0.0029703,1.2679,7.68966,0.000673059
95,11.4664,0.181042,0.00341161,1.23143,8.25971,11.1544,0.223641,0.00237556,1.32469,7.48885,0.000666903
96,11.3548,0.171596,0.00329855,1.20773,8.25454,12.4464,0.256915,0.00362727,1.64818,8.04543,0.00066072
97,11.6626,0.17701,0.00327845,1.25103,8.45688,10.6725,0.189195,0.00241527,1.19493,7.45995,0.000654508
98,11.2552,0.172006,0.00342663,1.20367,8.15795,10.9515,0.200624,0.00254805,1.25957,7.55615,0.000648271
99,10.9398,0.162054,0.00317738,1.17086,7.96648,11.6917,0.232086,0.00321803,1.41347,7.82922,0.000642008
100,10.9902,0.169203,0.00314399,1.21394,7.89869,11.2945,0.213893,0.00272504,1.38858,7.60605,0.00063572
101,11.0813,0.166837,0.00312102,1.17077,8.07232,10.9223,0.210201,0.00259067,1.28992,7.40964,0.00062941
102,11.0153,0.175996,0.0029964,1.20492,7.88646,11.7738,0.230276,0.00275103,1.43466,7.89337,0.000623077
103,11.3966,0.184085,0.00319448,1.26766,8.11287,11.6835,0.204011,0.00251885,1.2429,8.28783,0.000616723
104,11.151,0.177069,0.00282589,1.18545,8.04338,11.2812,0.21559,0.00231697,1.33571,7.65955,0.000610349
105,11.1681,0.171313,0.00301055,1.1734,8.12166,11.1387,0.199381,0.0030059,1.22547,7.80362,0.000603956
106,10.9174,0.162221,0.00320552,1.18972,7.91461,10.9476,0.20893,0.00251505,1.3273,7.38845,0.000597545
107,10.5461,0.154336,0.00283012,1.14767,7.66565,10.6471,0.195292,0.00242362,1.24863,7.3083,0.000591118
108,10.7866,0.15935,0.00288426,1.15011,7.86484,10.8004,0.19892,0.00253199,1.26096,7.41575,0.000584675
109,10.7537,0.166081,0.00296108,1.16786,7.75482,11.547,0.237438,0.00234972,1.46249,7.57133,0.000578217
110,10.7491,0.16846,0.00293548,1.1895,7.69988,10.9734,0.188124,0.00257565,1.20924,7.74736,0.000571746
111,10.594,0.165082,0.0031245,1.19081,7.56808,10.9018,0.195753,0.00237138,1.23637,7.57791,0.000565263
112,10.8046,0.158865,0.00279487,1.13364,7.91121,10.555,0.205584,0.00212137,1.26963,7.10758,0.000558769
113,10.8488,0.162827,0.00258224,1.15348,7.8961,10.6524,0.199115,0.00237536,1.20161,7.35547,0.000552264
114,10.8667,0.175661,0.00286077,1.18084,7.77655,10.7141,0.214955,0.00209289,1.29655,7.15608,0.000545751
115,10.7191,0.16658,0.0027605,1.14396,7.75239,10.2528,0.185306,0.00199995,1.14564,7.14358,0.00053923
116,10.3885,0.156904,0.00273315,1.14977,7.48567,10.9658,0.208066,0.00203061,1.29602,7.46027,0.000532702
117,10.3993,0.160559,0.00272691,1.13253,7.49495,10.4002,0.185313,0.00210693,1.16023,7.2689,0.000526168
118,10.1662,0.156734,0.00275152,1.10231,7.33583,10.466,0.187243,0.00189501,1.16372,7.31513,0.00051963
119,10.5012,0.157725,0.00260933,1.11623,7.64258,11.1308,0.21938,0.0021624,1.30592,7.5255,0.000513088
120,10.6116,0.165722,0.0028727,1.15873,7.62919,10.6288,0.198707,0.00210783,1.20583,7.32866,0.000506545
121,10.203,0.161618,0.00250248,1.10041,7.33902,11.1103,0.232226,0.00208529,1.35943,7.32839,0.0005
122,10.6979,0.165445,0.00278085,1.13299,7.75623,10.3784,0.197589,0.00211898,1.18965,7.11091,0.000493455
123,10.1969,0.152277,0.00264571,1.08218,7.4302,10.8902,0.221581,0.00203391,1.32813,7.23516,0.000486912
124,10.4711,0.165137,0.00277028,1.17125,7.4743,11.7217,0.256147,0.00220827,1.52371,7.51397,0.00048037
125,10.4613,0.170208,0.00263528,1.17392,7.42257,10.785,0.21211,0.00201986,1.2591,7.30453,0.000473832
126,10.2135,0.15223,0.00255654,1.09594,7.42659,10.6321,0.202045,0.00209387,1.20775,7.30407,0.000467298
127,10.3374,0.164468,0.00269232,1.15053,7.37676,10.8234,0.215663,0.00215306,1.29792,7.25801,0.00046077
128,10.4821,0.158276,0.00261329,1.14086,7.58242,10.7268,0.19971,0.002145,1.21049,7.41214,0.000454249
129,10.2674,0.161709,0.00253418,1.12242,7.36964,11.3959,0.249877,0.00201759,1.54189,7.20794,0.000447736
130,10.339,0.157096,0.00266332,1.11454,7.48768,10.7513,0.212765,0.00188737,1.2661,7.25551,0.000441231
131,10.2677,0.157413,0.00261099,1.11368,7.41527,10.4419,0.199472,0.00224294,1.25297,7.0653,0.000434737
132,10.0324,0.153618,0.00232648,1.09925,7.23024,10.8169,0.223694,0.00185398,1.33623,7.13395,0.000428254
133,9.80378,0.144653,0.0022242,1.05005,7.14269,10.4185,0.194856,0.00197645,1.20837,7.14353,0.000421783
134,10.441,0.163497,0.00251816,1.13253,7.51475,10.4201,0.214087,0.00171841,1.30638,6.854,0.000415325
135,9.98773,0.158058,0.00220469,1.09406,7.1601,10.6173,0.222731,0.00171021,1.30491,6.98861,0.000408882
136,10.2247,0.158982,0.00252435,1.10475,7.3739,10.3867,0.198873,0.00183136,1.2181,7.06709,0.000402455
137,9.74203,0.147898,0.00224757,1.07666,7.01669,10.4766,0.214243,0.00172235,1.32639,6.87931,0.000396044
138,10.098,0.150204,0.00251051,1.08069,7.3492,10.5705,0.214233,0.00185561,1.30051,7.01202,0.000389651
139,9.8198,0.148161,0.00208937,1.07265,7.09857,10.5423,0.189562,0.00179929,1.24357,7.2543,0.000383277
140,9.91561,0.150442,0.00200493,1.08749,7.15505,10.572,0.212732,0.00157706,1.26715,7.07497,0.000376923
141,9.78878,0.152235,0.00237743,1.06602,7.0468,10.8576,0.223538,0.00168542,1.31841,7.20256,0.00037059
142,9.51644,0.142477,0.00217146,1.01604,6.92272,10.0257,0.182869,0.0016226,1.1199,6.97348,0.00036428
143,9.85447,0.152,0.00238202,1.05227,7.13487,10.404,0.21715,0.00186752,1.30614,6.8152,0.000357992
144,10.1723,0.158066,0.00245948,1.10588,7.32678,10.1813,0.188093,0.00185952,1.17042,7.01407,0.000351729
145,9.87469,0.149282,0.00220777,1.06972,7.14939,10.8692,0.234361,0.00172685,1.43122,6.9638,0.000345492
146,10.0167,0.150311,0.00232632,1.04718,7.31742,10.7156,0.217332,0.00159754,1.32586,7.09599,0.00033928
147,9.69112,0.147818,0.0023046,1.06812,6.97916,11.1843,0.24014,0.00152998,1.49597,7.13855,0.000333097
148,9.84645,0.157766,0.00227603,1.09645,7.01738,10.2668,0.202053,0.00141003,1.23412,6.89956,0.000326941
149,9.83252,0.151596,0.00243949,1.06731,7.09338,9.94753,0.190804,0.0016063,1.17877,6.74753,0.000320816
150,9.95538,0.148495,0.00213548,1.07799,7.22361,10.0471,0.193441,0.00151305,1.184,6.81957,0.000314721
151,9.76989,0.147535,0.00213546,1.05598,7.07834,10.7676,0.217902,0.00143615,1.31095,7.16619,0.000308658
152,9.6766,0.146223,0.00230632,1.04188,7.01595,10.1996,0.198632,0.00151857,1.18997,6.92415,0.000302628
153,9.82869,0.151421,0.00207251,1.06419,7.09572,10.352,0.208254,0.00204972,1.24876,6.91592,0.000296632
154,9.66604,0.145059,0.00204911,1.05419,6.99579,10.2772,0.205719,0.00151499,1.22976,6.88893,0.00029067
155,10.154,0.155402,0.00224102,1.09181,7.34965,10.1244,0.192161,0.00138359,1.16649,6.93276,0.000284744
156,9.72431,0.149281,0.00197238,1.07076,6.99757,11.0375,0.236879,0.00170811,1.41084,7.14379,0.000278856
157,9.65533,0.151082,0.00221349,1.07028,6.91569,10.4794,0.215152,0.00149139,1.2879,6.93314,0.000273005
158,9.30934,0.137124,0.0019432,0.989088,6.7963,10.4338,0.222643,0.00155688,1.32018,6.78297,0.000267193
159,9.58382,0.152774,0.00216257,1.07878,6.81876,10.2385,0.213681,0.00136473,1.262,6.74218,0.000261421
160,9.12564,0.144067,0.00179079,1.01812,6.51707,10.1479,0.20239,0.0014679,1.21088,6.81294,0.000255689
161,9.41766,0.143326,0.00182422,1.03013,6.79661,10.8319,0.216883,0.0014442,1.27427,7.2931,0.00025
162,9.30519,0.146598,0.00193779,1.05606,6.62065,11.0571,0.231121,0.00154177,1.35866,7.28496,0.000244353
163,9.70765,0.152629,0.00214402,1.07774,6.94525,10.806,0.242685,0.0016966,1.44121,6.82325,0.000238751
164,9.61958,0.147423,0.00213694,1.02798,6.97088,10.3535,0.19116,0.00150328,1.16266,7.17511,0.000233193
165,9.16428,0.131745,0.00192611,0.991213,6.68841,10.3026,0.213424,0.00151908,1.26447,6.80449,0.00022768
166,9.3794,0.143557,0.00211492,1.03627,6.74727,11.0144,0.24115,0.00167957,1.42694,7.0645,0.000222215
167,9.37041,0.14151,0.00199908,1.03491,6.75572,10.5681,0.21667,0.00159654,1.30117,6.99055,0.000216797
168,9.4965,0.145525,0.00203658,1.0554,6.82095,10.8677,0.224174,0.00139061,1.37976,7.11601,0.000211427
169,9.27067,0.14044,0.00201788,1.01405,6.69528,10.0314,0.204539,0.00136546,1.23882,6.63846,0.000206107
170,9.30337,0.134299,0.00202991,0.998051,6.79803,10.2285,0.214038,0.00138651,1.29167,6.68498,0.000200838
171,9.50169,0.145555,0.00191571,1.05946,6.81988,10.2334,0.22044,0.001484,1.34146,6.56715,0.000195619
172,8.98248,0.139315,0.00209426,1.03398,6.3856,10.9491,0.239046,0.0014902,1.43656,7.00065,0.000190453
173,9.18767,0.140598,0.00213601,1.04388,6.5663,9.95868,0.209732,0.00144419,1.27559,6.47158,0.00018534
174,9.02784,0.138276,0.00195478,1.00963,6.47536,10.7261,0.232629,0.00160981,1.40272,6.87645,0.00018028
175,9.15406,0.134259,0.00191233,0.993766,6.65552,10.7253,0.226588,0.0013486,1.38877,6.94209,0.000175276
176,9.31798,0.137652,0.00189807,1.01954,6.75534,9.86445,0.202665,0.00127059,1.24258,6.47996,0.000170327
177,9.37239,0.136268,0.00199905,1.02573,6.81079,10.6071,0.228188,0.00152502,1.3849,6.81757,0.000165435
178,9.40071,0.14092,0.00177957,1.0491,6.76927,10.257,0.221858,0.00150188,1.3551,6.55968,0.0001606
179,9.1373,0.134756,0.00182745,0.998001,6.62871,10.2073,0.206106,0.00142808,1.25351,6.78049,0.000155823
180,8.97677,0.140937,0.00202529,1.05162,6.34129,9.98084,0.206479,0.00138456,1.25336,6.55151,0.000151105
181,8.98928,0.136995,0.00180704,1.01747,6.4347,10.3761,0.219764,0.00148152,1.31584,6.75336,0.000146447
182,9.14358,0.134572,0.00203143,0.993376,6.64321,10.0777,0.205851,0.00135808,1.26496,6.63567,0.000141849
183,8.95304,0.136358,0.0017651,1.01904,6.40092,10.5196,0.235775,0.0013651,1.44625,6.58119,0.000137313
184,9.48157,0.146545,0.00177116,1.05663,6.79665,10.4473,0.222087,0.00123304,1.36372,6.73541,0.000132839
185,9.44105,0.147913,0.00201523,1.06343,6.73556,10.3785,0.21941,0.00128387,1.3552,6.69949,0.000128428
186,8.92502,0.140373,0.00177252,1.02023,6.34099,10.3491,0.224253,0.00134401,1.35138,6.63947,0.00012408
187,9.26774,0.138508,0.00219566,1.03119,6.68104,10.5108,0.219637,0.00141919,1.35348,6.83265,0.000119797
188,9.11667,0.139249,0.00184156,1.03752,6.5151,10.5204,0.224295,0.00126339,1.37366,6.77708,0.000115579
189,9.26064,0.143366,0.00204862,1.01643,6.65972,10.8745,0.246596,0.00132259,1.47132,6.81735,0.000111427
190,8.98021,0.136742,0.00198469,0.998122,6.45647,10.6316,0.238083,0.00147338,1.45549,6.66204,0.000107342
191,9.14326,0.143963,0.00188699,1.00953,6.5483,10.1601,0.222059,0.00136869,1.34563,6.47554,0.000103323
192,8.81639,0.128976,0.00180247,0.989541,6.36386,10.2091,0.215784,0.00134868,1.33061,6.59415,9.93731e-05
193,8.87657,0.133564,0.00170159,0.996305,6.37953,10.9378,0.251846,0.00126512,1.52781,6.75659,9.54915e-05
194,9.0654,0.136059,0.00187405,0.996392,6.54943,10.4634,0.220466,0.00133531,1.34371,6.79365,9.16792e-05
195,9.05476,0.135956,0.00160663,1.01796,6.50734,10.4332,0.229516,0.001379,1.41288,6.5918,8.79369e-05
196,8.47206,0.128688,0.00151294,0.965819,6.05741,10.0441,0.215034,0.00127675,1.31601,6.45667,8.42652e-05
197,8.97655,0.139906,0.00187316,1.02572,6.38774,10.4622,0.227987,0.00134337,1.38295,6.6772,8.06647e-05
198,9.16052,0.144097,0.00202959,1.0378,6.52208,10.4494,0.231774,0.00138956,1.40124,6.60858,7.71361e-05
199,8.98335,0.139003,0.00217077,1.01782,6.41301,9.92015,0.208897,0.00134,1.28195,6.42983,7.36799e-05
200,8.52629,0.131324,0.00171165,0.988374,6.05794,10.411,0.221453,0.00133603,1.36131,6.70748,7.02968e-05
201,8.83423,0.135694,0.00186252,1.00359,6.31021,10.3457,0.226094,0.00132262,1.37685,6.58402,6.69873e-05
202,8.91035,0.138366,0.00186954,1.00138,6.36961,10.3397,0.220443,0.00126982,1.34157,6.67338,6.3752e-05
203,8.99402,0.139099,0.00183412,1.00565,6.44139,10.5133,0.236326,0.00134955,1.42804,6.59813,6.05914e-05
204,9.00535,0.138084,0.00177241,1.0187,6.44078,10.2375,0.216663,0.00119715,1.32373,6.62637,5.75062e-05
205,8.78182,0.13762,0.0018384,1.02333,6.21375,10.2485,0.221181,0.00126867,1.34948,6.56483,5.44967e-05
206,8.72896,0.130858,0.00170682,0.991872,6.25886,10.4344,0.229052,0.00127661,1.41328,6.59599,5.15636e-05
207,8.83278,0.140442,0.0019722,1.02312,6.2438,10.4156,0.224071,0.00127827,1.38438,6.65788,4.87074e-05
208,8.9152,0.136015,0.00164185,0.982417,6.42064,10.27,0.223067,0.00125093,1.37722,6.53049,4.59284e-05
209,8.54697,0.13388,0.00173565,0.994231,6.05066,10.2596,0.217587,0.00134548,1.34137,6.61493,4.32273e-05
210,8.54038,0.133394,0.00182381,1.00556,6.03068,10.3114,0.221,0.00139379,1.36066,6.61226,4.06044e-05
211,8.63368,0.129892,0.00156353,0.976042,6.19464,10.2562,0.220375,0.00135968,1.35842,6.5651,3.80602e-05
212,8.37944,0.128071,0.00173284,0.962298,5.97459,10.089,0.209025,0.00133134,1.29976,6.57099,3.55952e-05
213,9.04338,0.131673,0.00182636,0.994469,6.56322,10.1446,0.21481,0.00135171,1.32285,6.5486,3.32098e-05
214,8.45877,0.134653,0.00168961,1.00149,5.94579,10.1856,0.216845,0.00128576,1.35085,6.53238,3.09043e-05
215,8.66841,0.132111,0.00169201,0.996301,6.18228,10.1126,0.217923,0.00130385,1.34702,6.457,2.86793e-05
216,8.92867,0.135821,0.00189053,1.01298,6.38959,10.3601,0.225074,0.00126484,1.39343,6.58125,2.65349e-05
217,8.83482,0.135861,0.00174009,1.00845,6.30232,10.2344,0.219159,0.00125721,1.36482,6.5428,2.44717e-05
218,8.3234,0.125548,0.00160108,0.956089,5.94686,10.3244,0.223431,0.00125469,1.39463,6.55612,2.249e-05
219,8.63544,0.133693,0.00165627,0.99751,6.13565,10.2094,0.21744,0.00129026,1.35498,6.5455,2.05901e-05
220,8.76559,0.135101,0.00190151,1.00298,6.24692,10.2606,0.222703,0.00132528,1.3709,6.53332,1.87724e-05
221,8.6288,0.127909,0.00184124,0.969772,6.2139,10.1783,0.219584,0.00131298,1.36199,6.48781,1.70371e-05
222,8.87413,0.128236,0.00175571,0.970094,6.45635,10.1349,0.216681,0.0013077,1.3489,6.48583,1.53845e-05
223,8.98263,0.142566,0.00200977,1.01845,6.38471,10.1861,0.216828,0.00128206,1.34483,6.54204,1.3815e-05
224,8.16538,0.126818,0.00157799,0.960793,5.77227,10.1055,0.215663,0.00134532,1.34731,6.46635,1.23288e-05
225,8.98437,0.135043,0.00208337,1.01873,6.44241,9.98617,0.214815,0.0013111,1.31429,6.40297,1.09262e-05
226,8.8448,0.136475,0.00184691,0.973083,6.36069,9.99025,0.213254,0.00129564,1.30601,6.43118,9.60736e-06
227,8.53417,0.128076,0.00168456,0.982404,6.09915,9.94787,0.209559,0.00125126,1.29395,6.43463,8.37255e-06
228,8.7651,0.135816,0.00185267,0.996887,6.25022,10.113,0.214823,0.00127942,1.32362,6.51577,7.22197e-06
229,8.75799,0.129105,0.00171075,0.978543,6.32103,10.155,0.217774,0.00129253,1.34332,6.50606,6.15583e-06
230,8.45434,0.127416,0.00171709,0.984874,6.02055,10.1641,0.215942,0.00129886,1.33632,6.53943,5.17431e-06
231,8.7863,0.134692,0.00164542,1.00223,6.27194,9.98312,0.211764,0.00126042,1.31811,6.4171,4.27757e-06
232,8.54799,0.132181,0.00157116,0.955821,6.12211,10.0849,0.215844,0.00128916,1.33145,6.46824,3.46577e-06
233,9.01248,0.13738,0.00181028,1.0283,6.43877,10.183,0.219135,0.00127949,1.35889,6.50053,2.73905e-06
234,8.89756,0.139812,0.00184779,1.03296,6.29862,10.2003,0.219632,0.00130978,1.35497,6.51994,2.09754e-06
235,8.56678,0.129655,0.00159271,0.980358,6.12303,10.0553,0.215274,0.00129633,1.3269,6.44978,1.54133e-06
236,8.37881,0.130245,0.00154792,0.970005,5.94619,10.076,0.214677,0.0013103,1.33279,6.46609,1.07054e-06
